FileName,Mark
S_1_hppscan1.png,28
S_1_hppscan110.png,8
S_1_hppscan111.png,20
S_1_hppscan112.png,14
S_1_hppscan113.png,17
S_1_hppscan115.png,0
S_1_hppscan118.png,7
S_1_hppscan124.png,22
S_1_hppscan126.png,22
S_1_hppscan127.png,43
S_1_hppscan13.png,26
S_1_hppscan130.png,17
S_1_hppscan131.png,32
S_1_hppscan132.png,9
S_1_hppscan133.png,20
S_1_hppscan135.png,22
S_1_hppscan136.png,4
S_1_hppscan138.png,29
S_1_hppscan15.png,29
S_1_hppscan17.png,25
S_1_hppscan18.png,43
S_1_hppscan19.png,3
S_2_hppscan1.png,13
S_2_hppscan110.png,34
S_2_hppscan111.png,43
S_2_hppscan112.png,11
S_2_hppscan113.png,27
S_2_hppscan114.png,39
S_2_hppscan116.png,35
S_2_hppscan117.png,41
S_2_hppscan118.png,28
S_2_hppscan12.png,9
S_2_hppscan120.png,14
S_2_hppscan123.png,36
S_2_hppscan127.png,36
S_2_hppscan129.png,44
S_2_hppscan13.png,15
S_2_hppscan131.png,41
S_2_hppscan133.png,13
S_2_hppscan134.png,28
S_2_hppscan136.png,25
S_2_hppscan137.png,30
S_2_hppscan138.png,15
S_2_hppscan139.png,0
S_2_hppscan14.png,25
S_2_hppscan140.png,39
S_2_hppscan16.png,8
S_2_hppscan17.png,34
S_2_hppscan18.png,14
S_2_hppscan19.png,1
S_3_hppscan110.png,40
S_3_hppscan111.png,44
S_3_hppscan113.png,38
S_3_hppscan118.png,23
S_3_hppscan119.png,28
S_3_hppscan120.png,43
S_3_hppscan122.png,10
S_3_hppscan125.png,22
S_3_hppscan127.png,6
S_3_hppscan128.png,32
S_3_hppscan13.png,21
S_3_hppscan130.png,5
S_3_hppscan131.png,0
S_3_hppscan132.png,14
S_3_hppscan133.png,24
S_3_hppscan134.png,15
S_3_hppscan137.png,12
S_3_hppscan138.png,15
S_3_hppscan139.png,5
S_3_hppscan142.png,13
S_3_hppscan143.png,1
S_3_hppscan144.png,9
S_3_hppscan16.png,33
S_3_hppscan18.png,44
S_3_hppscan19.png,0
S_3_hppscan2.png,32
S_4_hppscan110.png,3
S_4_hppscan111.png,40
S_4_hppscan112.png,38
S_4_hppscan113.png,36
S_4_hppscan114.png,25
S_4_hppscan115.png,43
S_4_hppscan116.png,15
S_4_hppscan118.png,42
S_4_hppscan12.png,42
S_4_hppscan121.png,37
S_4_hppscan122.png,32
S_4_hppscan123.png,36
S_4_hppscan124.png,19
S_4_hppscan125.png,40
S_4_hppscan126.png,34
S_4_hppscan128.png,38
S_4_hppscan13.png,26
S_4_hppscan130.png,21
S_4_hppscan14.png,25
S_4_hppscan15.png,28
S_4_hppscan16.png,34
S_4_hppscan17.png,0
S_4_hppscan18.png,21
S_5_hppscan110.png,29
S_5_hppscan112.png,21
S_5_hppscan114.png,4
S_5_hppscan115.png,38
S_5_hppscan119.png,16
S_5_hppscan12.png,31
S_5_hppscan120.png,19
S_5_hppscan121.png,25
S_5_hppscan122.png,26
S_5_hppscan124.png,16
S_5_hppscan126.png,44
S_5_hppscan128.png,10
S_5_hppscan13.png,14
S_5_hppscan130.png,18
S_5_hppscan131.png,11
S_5_hppscan132.png,44
S_5_hppscan133.png,15
S_5_hppscan135.png,8
S_5_hppscan136.png,30
S_5_hppscan137.png,33
S_5_hppscan139.png,18
S_5_hppscan14.png,15
S_5_hppscan141.png,35
S_5_hppscan142.png,32
S_5_hppscan144.png,28
S_5_hppscan145.png,18
S_5_hppscan16.png,17
S_5_hppscan19.png,28
S_6_hppscan113.png,10
S_6_hppscan116.png,19
S_6_hppscan118.png,19
S_6_hppscan119.png,8
S_6_hppscan12.png,30
S_6_hppscan120.png,3
S_6_hppscan121.png,22
S_6_hppscan123.png,15
S_6_hppscan124.png,26
S_6_hppscan125.png,34
S_6_hppscan127.png,14
S_6_hppscan128.png,37
S_6_hppscan13.png,18
S_6_hppscan130.png,22
S_6_hppscan131.png,11
S_6_hppscan132.png,34
S_6_hppscan134.png,41
S_6_hppscan135.png,11
S_6_hppscan136.png,38
S_6_hppscan137.png,36
S_6_hppscan138.png,18
S_6_hppscan15.png,17
S_6_hppscan16.png,40
S_6_hppscan17.png,42
S_6_hppscan19.png,20
S_7_hppscan111.png,39
S_7_hppscan112.png,25
S_7_hppscan114.png,14
S_7_hppscan118.png,36
S_7_hppscan119.png,33
S_7_hppscan12.png,33
S_7_hppscan120.png,2
S_7_hppscan123.png,24
S_7_hppscan125.png,0
S_7_hppscan126.png,13
S_7_hppscan127.png,3
S_7_hppscan128.png,30
S_7_hppscan130.png,2
S_7_hppscan131.png,23
S_7_hppscan132.png,34
S_7_hppscan133.png,35
S_7_hppscan135.png,22
S_7_hppscan138.png,36
S_7_hppscan140.png,39
S_7_hppscan143.png,11
S_7_hppscan15.png,40
S_7_hppscan16.png,41
S_7_hppscan17.png,9
S_7_hppscan18.png,11
S_7_hppscan19.png,20
S_8_hppscan110.png,28
S_8_hppscan111.png,29
S_8_hppscan112.png,0
S_8_hppscan116.png,4
S_8_hppscan117.png,3
S_8_hppscan118.png,5
S_8_hppscan119.png,26
S_8_hppscan12.png,28
S_8_hppscan120.png,4
S_8_hppscan121.png,43
S_8_hppscan122.png,35
S_8_hppscan123.png,35
S_8_hppscan124.png,2
S_8_hppscan125.png,8
S_8_hppscan127.png,2
S_8_hppscan128.png,23
S_8_hppscan129.png,10
S_8_hppscan13.png,21
S_8_hppscan130.png,34
S_8_hppscan131.png,21
S_8_hppscan132.png,33
S_8_hppscan133.png,3
S_8_hppscan135.png,33
S_8_hppscan136.png,26
S_8_hppscan137.png,27
S_8_hppscan14.png,37
S_8_hppscan140.png,6
S_8_hppscan141.png,33
S_8_hppscan142.png,42
S_8_hppscan146.png,10
S_8_hppscan147.png,18
S_8_hppscan148.png,9
S_8_hppscan149.png,43
S_8_hppscan15.png,22
S_8_hppscan16.png,33
S_8_hppscan18.png,36
S_8_hppscan19.png,44
S_9_hppscan1.png,17
S_9_hppscan110.png,13
S_9_hppscan111.png,10
S_9_hppscan112.png,13
S_9_hppscan113.png,19
S_9_hppscan115.png,29
S_9_hppscan116.png,41
S_9_hppscan118.png,1
S_9_hppscan119.png,36
S_9_hppscan12.png,27
S_9_hppscan120.png,43
S_9_hppscan124.png,36
S_9_hppscan125.png,18
S_9_hppscan128.png,31
S_9_hppscan129.png,21
S_9_hppscan13.png,22
S_9_hppscan130.png,14
S_9_hppscan131.png,25
S_9_hppscan132.png,43
S_9_hppscan133.png,26
S_9_hppscan134.png,29
S_9_hppscan135.png,13
S_9_hppscan136.png,16
S_9_hppscan14.png,39
S_9_hppscan15.png,10
S_9_hppscan17.png,15
S_9_hppscan18.png,16
S_10_hppscan110.png,30
S_10_hppscan111.png,19
S_10_hppscan113.png,10
S_10_hppscan116.png,12
S_10_hppscan117.png,26
S_10_hppscan118.png,19
S_10_hppscan119.png,21
S_10_hppscan12.png,20
S_10_hppscan122.png,20
S_10_hppscan123.png,32
S_10_hppscan124.png,9
S_10_hppscan125.png,35
S_10_hppscan126.png,10
S_10_hppscan128.png,32
S_10_hppscan129.png,29
S_10_hppscan13.png,31
S_10_hppscan130.png,41
S_10_hppscan14.png,18
S_10_hppscan15.png,23
S_10_hppscan17.png,17
S_10_hppscan19.png,10
S_11_hppscan1.png,26
S_11_hppscan110.png,40
S_11_hppscan111.png,29
S_11_hppscan113.png,41
S_11_hppscan115.png,16
S_11_hppscan116.png,37
S_11_hppscan117.png,36
S_11_hppscan118.png,37
S_11_hppscan119.png,31
S_11_hppscan122.png,41
S_11_hppscan123.png,39
S_11_hppscan124.png,24
S_11_hppscan125.png,28
S_11_hppscan127.png,28
S_11_hppscan131.png,5
S_11_hppscan132.png,19
S_11_hppscan133.png,17
S_11_hppscan135.png,26
S_11_hppscan137.png,0
S_11_hppscan138.png,38
S_11_hppscan14.png,12
S_11_hppscan140.png,20
S_11_hppscan141.png,38
S_11_hppscan142.png,34
S_11_hppscan144.png,17
S_11_hppscan15.png,36
S_11_hppscan16.png,26
S_11_hppscan17.png,8
S_12_hppscan1.png,14
S_12_hppscan110.png,38
S_12_hppscan112.png,8
S_12_hppscan113.png,36
S_12_hppscan115.png,33
S_12_hppscan119.png,19
S_12_hppscan12.png,28
S_12_hppscan122.png,40
S_12_hppscan123.png,41
S_12_hppscan126.png,25
S_12_hppscan127.png,38
S_12_hppscan128.png,36
S_12_hppscan129.png,20
S_12_hppscan13.png,18
S_12_hppscan130.png,34
S_12_hppscan133.png,24
S_12_hppscan14.png,25
S_12_hppscan15.png,4
S_12_hppscan16.png,3
S_12_hppscan17.png,15
S_12_hppscan18.png,24
S_12_hppscan19.png,3
S_13_hppscan110.png,24
S_13_hppscan111.png,1
S_13_hppscan112.png,7
S_13_hppscan116.png,14
S_13_hppscan117.png,21
S_13_hppscan118.png,41
S_13_hppscan123.png,8
S_13_hppscan124.png,15
S_13_hppscan125.png,42
S_13_hppscan126.png,6
S_13_hppscan128.png,18
S_13_hppscan13.png,5
S_13_hppscan131.png,14
S_13_hppscan132.png,6
S_13_hppscan133.png,8
S_13_hppscan14.png,31
S_13_hppscan16.png,8
S_13_hppscan17.png,11
S_13_hppscan18.png,8
S_13_hppscan19.png,33
S_14_hppscan110.png,44
S_14_hppscan111.png,0
S_14_hppscan112.png,7
S_14_hppscan113.png,24
S_14_hppscan114.png,31
S_14_hppscan115.png,1
S_14_hppscan116.png,2
S_14_hppscan117.png,25
S_14_hppscan119.png,31
S_14_hppscan12.png,35
S_14_hppscan120.png,14
S_14_hppscan122.png,9
S_14_hppscan125.png,19
S_14_hppscan126.png,18
S_14_hppscan13.png,15
S_14_hppscan130.png,37
S_14_hppscan131.png,36
S_14_hppscan132.png,31
S_14_hppscan133.png,27
S_14_hppscan134.png,2
S_14_hppscan135.png,24
S_14_hppscan14.png,12
S_14_hppscan15.png,7
S_14_hppscan16.png,11
S_14_hppscan17.png,7
S_14_hppscan18.png,34
S_14_hppscan19.png,28
S_15_hppscan111.png,37
S_15_hppscan112.png,6
S_15_hppscan114.png,7
S_15_hppscan115.png,27
S_15_hppscan117.png,10
S_15_hppscan118.png,4
S_15_hppscan12.png,33
S_15_hppscan120.png,41
S_15_hppscan121.png,16
S_15_hppscan122.png,34
S_15_hppscan123.png,0
S_15_hppscan124.png,22
S_15_hppscan125.png,43
S_15_hppscan126.png,26
S_15_hppscan128.png,43
S_15_hppscan129.png,9
S_15_hppscan14.png,26
S_15_hppscan15.png,2
S_15_hppscan16.png,4
S_15_hppscan17.png,41
S_15_hppscan18.png,38
S_15_hppscan19.png,4
S_16_hppscan1.png,28
S_16_hppscan110.png,30
S_16_hppscan112.png,22
S_16_hppscan114.png,9
S_16_hppscan115.png,40
S_16_hppscan116.png,21
S_16_hppscan117.png,41
S_16_hppscan118.png,38
S_16_hppscan119.png,0
S_16_hppscan12.png,30
S_16_hppscan122.png,3
S_16_hppscan123.png,24
S_16_hppscan125.png,5
S_16_hppscan126.png,11
S_16_hppscan127.png,22
S_16_hppscan128.png,31
S_16_hppscan129.png,24
S_16_hppscan13.png,12
S_16_hppscan14.png,38
S_16_hppscan16.png,28
S_16_hppscan17.png,28
S_16_hppscan19.png,5
S_17_hppscan111.png,31
S_17_hppscan112.png,41
S_17_hppscan113.png,31
S_17_hppscan114.png,42
S_17_hppscan116.png,41
S_17_hppscan12.png,11
S_17_hppscan120.png,32
S_17_hppscan121.png,7
S_17_hppscan123.png,7
S_17_hppscan124.png,14
S_17_hppscan125.png,10
S_17_hppscan126.png,42
S_17_hppscan129.png,33
S_17_hppscan130.png,22
S_17_hppscan14.png,36
S_17_hppscan15.png,14
S_17_hppscan18.png,16
S_17_hppscan19.png,5
S_18_hppscan110.png,2
S_18_hppscan112.png,31
S_18_hppscan114.png,41
S_18_hppscan115.png,5
S_18_hppscan116.png,20
S_18_hppscan117.png,38
S_18_hppscan118.png,22
S_18_hppscan12.png,34
S_18_hppscan120.png,36
S_18_hppscan122.png,43
S_18_hppscan123.png,16
S_18_hppscan124.png,8
S_18_hppscan125.png,16
S_18_hppscan126.png,10
S_18_hppscan128.png,28
S_18_hppscan13.png,3
S_18_hppscan130.png,20
S_18_hppscan131.png,16
S_18_hppscan132.png,28
S_18_hppscan133.png,19
S_18_hppscan14.png,34
S_18_hppscan15.png,3
S_18_hppscan16.png,13
S_18_hppscan17.png,21
S_18_hppscan19.png,36
S_19_hppscan110.png,26
S_19_hppscan111.png,34
S_19_hppscan112.png,7
S_19_hppscan113.png,3
S_19_hppscan114.png,8
S_19_hppscan115.png,35
S_19_hppscan116.png,41
S_19_hppscan117.png,27
S_19_hppscan118.png,2
S_19_hppscan119.png,2
S_19_hppscan12.png,21
S_19_hppscan120.png,9
S_19_hppscan121.png,22
S_19_hppscan122.png,29
S_19_hppscan123.png,43
S_19_hppscan124.png,40
S_19_hppscan125.png,27
S_19_hppscan126.png,9
S_19_hppscan127.png,6
S_19_hppscan13.png,42
S_19_hppscan130.png,18
S_19_hppscan131.png,30
S_19_hppscan132.png,17
S_19_hppscan133.png,18
S_19_hppscan134.png,9
S_19_hppscan135.png,2
S_19_hppscan136.png,31
S_19_hppscan138.png,7
S_19_hppscan139.png,36
S_19_hppscan14.png,31
S_19_hppscan141.png,9
S_19_hppscan143.png,22
S_19_hppscan144.png,39
S_19_hppscan145.png,10
S_19_hppscan15.png,40
S_19_hppscan16.png,31
S_19_hppscan18.png,3
S_19_hppscan19.png,27
S_20_hppscan1.png,15
S_20_hppscan111.png,42
S_20_hppscan112.png,36
S_20_hppscan113.png,25
S_20_hppscan115.png,5
S_20_hppscan116.png,16
S_20_hppscan117.png,19
S_20_hppscan120.png,5
S_20_hppscan122.png,33
S_20_hppscan124.png,8
S_20_hppscan125.png,22
S_20_hppscan126.png,8
S_20_hppscan127.png,32
S_20_hppscan128.png,30
S_20_hppscan129.png,29
S_20_hppscan13.png,33
S_20_hppscan131.png,0
S_20_hppscan132.png,43
S_20_hppscan133.png,12
S_20_hppscan134.png,16
S_20_hppscan135.png,10
S_20_hppscan136.png,28
S_20_hppscan137.png,27
S_20_hppscan138.png,36
S_20_hppscan139.png,38
S_20_hppscan140.png,38
S_20_hppscan15.png,6
S_20_hppscan16.png,1
S_20_hppscan17.png,20
S_20_hppscan18.png,22
S_20_hppscan19.png,24
S_21_hppscan1.png,36
S_21_hppscan110.png,7
S_21_hppscan113.png,3
S_21_hppscan115.png,7
S_21_hppscan117.png,43
S_21_hppscan12.png,27
S_21_hppscan120.png,18
S_21_hppscan122.png,17
S_21_hppscan123.png,1
S_21_hppscan125.png,38
S_21_hppscan126.png,2
S_21_hppscan128.png,38
S_21_hppscan129.png,32
S_21_hppscan130.png,27
S_21_hppscan131.png,5
S_21_hppscan133.png,29
S_21_hppscan14.png,20
S_21_hppscan18.png,7
S_21_hppscan19.png,16
S_22_hppscan1.png,36
S_22_hppscan110.png,30
S_22_hppscan112.png,17
S_22_hppscan113.png,3
S_22_hppscan116.png,25
S_22_hppscan119.png,19
S_22_hppscan12.png,36
S_22_hppscan121.png,30
S_22_hppscan122.png,25
S_22_hppscan124.png,43
S_22_hppscan125.png,17
S_22_hppscan127.png,27
S_22_hppscan128.png,12
S_22_hppscan13.png,10
S_22_hppscan15.png,25
S_22_hppscan16.png,43
S_22_hppscan18.png,29
S_23_hppscan111.png,38
S_23_hppscan112.png,10
S_23_hppscan113.png,21
S_23_hppscan114.png,25
S_23_hppscan115.png,15
S_23_hppscan116.png,21
S_23_hppscan119.png,41
S_23_hppscan120.png,24
S_23_hppscan121.png,12
S_23_hppscan122.png,40
S_23_hppscan124.png,18
S_23_hppscan125.png,16
S_23_hppscan127.png,1
S_23_hppscan128.png,24
S_23_hppscan13.png,44
S_23_hppscan130.png,12
S_23_hppscan131.png,34
S_23_hppscan133.png,34
S_23_hppscan134.png,23
S_23_hppscan14.png,8
S_23_hppscan15.png,17
S_23_hppscan16.png,33
S_23_hppscan18.png,19
S_23_hppscan19.png,5
S_24_hppscan1.png,3
S_24_hppscan110.png,17
S_24_hppscan112.png,21
S_24_hppscan113.png,32
S_24_hppscan114.png,21
S_24_hppscan119.png,44
S_24_hppscan12.png,31
S_24_hppscan120.png,8
S_24_hppscan121.png,28
S_24_hppscan122.png,27
S_24_hppscan123.png,29
S_24_hppscan125.png,31
S_24_hppscan126.png,21
S_24_hppscan127.png,40
S_24_hppscan128.png,5
S_24_hppscan129.png,37
S_24_hppscan13.png,20
S_24_hppscan130.png,24
S_24_hppscan131.png,13
S_24_hppscan132.png,31
S_24_hppscan15.png,11
S_24_hppscan18.png,39
S_24_hppscan19.png,3
